horizon,auc,brier,f1,avg_prec
1,0.8181818181818181,0.144155815243721,0.3333333333333333,0.2
2,,,,
3,,,,
4,,,,
5,,,,
6,,,,
7,,,,
